source_table,primary_key,column_count,char_columns,string_columns,row_count
act_tran,TRAN_UNO,21,0,8,8753671
act_tran_trust,ROW_UNO,30,0,9,1476
apl_vendtyp,VENDTYP_CODE,4,1,2,2
apm_vendor,VENDOR_UNO,43,3,24,70457
apt_check,TRAN_UNO,77,2,32,633498
blh_billed_fees,BILLED_FEES_UNO,40,1,3,8475426
blh_paid_fees,ROW_UNO,19,1,5,10544850
blt_bill,TRAN_UNO,73,3,31,3778324
blt_bill_amt,ROW_UNO,37,0,7,8372639
blt_billm,BILLM_UNO,73,0,21,3846272
glh_gl_audit,GL_AUDIT_NUM,9,0,1,0
glm_chart,ACCT_UNO,23,1,12,2206
glt_jrnl,GL_ROW_UNO,34,6,4,9958096
glt_jrnl_z,JE_NUMBER,36,0,17,24441
glt_text,TEXT_ID,11,0,7,9846782
hba_persnl_modp,ROW_UNO,15,0,8,1749783
hbl_clnt_cat,CLNT_CAT_CODE,5,1,3,59
hbl_clnt_class,CLNT_CLASS_CODE,5,1,3,64
hbl_clnt_type,CLNT_TYPE_CODE,6,1,4,204
hbl_company,COMPANY_CODE,6,1,2,4
hbl_dept,DEPT_CODE,8,1,2,128
hbl_matt_cat,MATT_CAT_CODE,5,1,3,12
hbl_matt_class,MATT_CLASS_CODE,5,1,3,38
hbl_matt_type,MATT_TYPE_CODE,7,1,5,263
hbl_office,OFFC_CODE,34,9,14,66
hbl_persnl_type,PERSNL_TYP_CODE,5,1,3,25
hbl_prof_ctr,PROF_CTR_CODE,7,1,2,22
hbl_status_clnt,STATUS_CODE,6,1,4,8
hbl_status_matt,STATUS_CODE,10,1,8,13
hbm_address,ADDRESS_UNO,39,1,28,177676
hbm_client,CLIENT_UNO,46,4,14,22263
hbm_matter,MATTER_UNO,81,4,31,591153
hbm_name,NAME_UNO,49,3,40,187546
hbm_persnl,EMPL_UNO,51,5,23,11213
tal_action,ACTION_CODE,27,7,12,7
tat_text,TEXT_ID,11,0,7,68046269
tat_time,TIME_UNO,77,21,6,71037310
tbl_bill_freq,BILL_FREQ_CODE,10,1,5,34
tbl_curr_date,DRUNO,5,0,1,3
tbl_curr_rate,ROW_UNO,7,1,1,6
tbl_phase,PHASE_CODE,4,1,2,20
tbl_phtask,PHTASK_UNO,8,6,0,840
tbl_rank,RANK_CODE,6,1,2,21
tbl_rsclass,RSCLASS_CODE,4,1,2,12
tbl_task,TASK_CODE,6,1,2,757
tbl_time_type,TIME_TYPE_CODE,4,1,2,3
tbm_bank,BANK_CODE,72,18,17,104
tbm_billgrp,BILLGRP_UNO,75,8,27,85604
tbm_client,CLIENT_UNO,64,4,37,22262
tbm_matter,MATTER_UNO,122,10,68,591152
tbm_persnl,EMPL_UNO,41,1,18,11207
tbm_rate_fee,ROW_UNO,34,6,8,1367722
trm_trust,TRUST_UNO,39,3,11,1248
